<?xml version="1.0" encoding="UTF-8"?>
<project-private xmlns="http://www.netbeans.org/ns/project-private/1">
    <editor-bookmarks xmlns="http://www.netbeans.org/ns/editor-bookmarks/1"/>
    <editor-bookmarks xmlns="http://www.netbeans.org/ns/editor-bookmarks/2" lastBookmarkId="0"/>
    <open-files xmlns="http://www.netbeans.org/ns/projectui-open-files/1">
        <file>file:/E:/FIA/Teaching/Summer2016/PE/B1/PRO192_Set1/Final-Q3/Q31/Given/src/Book.java</file>
        <file>file:/E:/FIA/Teaching/Summer2016/PE/B1/PRO192_Set1/Final-Q3/Q31/Given/src/Main.java</file>
        <file>file:/E:/FIA/Teaching/Summer2016/PE/B1/PRO192_Set1/Final-Q3/Q31/Given/src/VNBook.java</file>
    </open-files>
</project-private>
