<?xml version="1.0" encoding="UTF-8"?>
<project-private xmlns="http://www.netbeans.org/ns/project-private/1">
    <editor-bookmarks xmlns="http://www.netbeans.org/ns/editor-bookmarks/2" lastBookmarkId="0"/>
    <open-files xmlns="http://www.netbeans.org/ns/projectui-open-files/2">
        <group>
            <file>file:/F:/Day_Hoc/On_PE_Java/D2/Final-Q2/Q21/Given/JavaApplication8/src/Main.java</file>
            <file>file:/F:/Day_Hoc/On_PE_Java/D2/Final-Q2/Q21/Given/JavaApplication8/src/TaxiDriver.java</file>
            <file>file:/F:/Day_Hoc/On_PE_Java/D2/Final-Q2/Q21/Given/JavaApplication8/src/Driver.java</file>
        </group>
    </open-files>
</project-private>
