<?xml version="1.0" encoding="UTF-8"?>
<project-private xmlns="http://www.netbeans.org/ns/project-private/1">
    <editor-bookmarks xmlns="http://www.netbeans.org/ns/editor-bookmarks/1"/>
    <editor-bookmarks xmlns="http://www.netbeans.org/ns/editor-bookmarks/2" lastBookmarkId="0"/>
    <open-files xmlns="http://www.netbeans.org/ns/projectui-open-files/2">
        <group>
            <file>file:/Users/TrongDuyDao/Desktop/Teaching/Spring2018/PE/Sample.PRO192.PE.SP18.2/Final-Q1/Q11/Given/src/Seller.java</file>
            <file>file:/Users/TrongDuyDao/Desktop/Teaching/Spring2018/PE/Sample.PRO192.PE.SP18.2/Final-Q1/Q11/Given/src/Employee.java</file>
            <file>file:/Users/TrongDuyDao/Desktop/Teaching/Spring2018/PE/Sample.PRO192.PE.SP18.2/Final-Q1/Q11/Given/src/Main.java</file>
        </group>
    </open-files>
</project-private>
