<?xml version="1.0" encoding="UTF-8"?>
<project-private xmlns="http://www.netbeans.org/ns/project-private/1">
    <editor-bookmarks xmlns="http://www.netbeans.org/ns/editor-bookmarks/2" lastBookmarkId="0"/>
    <open-files xmlns="http://www.netbeans.org/ns/projectui-open-files/2">
        <group>
            <file>file:/D:/Solution%20Lab%20kì%203/Solution/P0101/src/p0101/Validate.java</file>
            <file>file:/D:/Solution%20Lab%20kì%203/Solution/P0101/src/p0101/Main.java</file>
            <file>file:/D:/Solution%20Lab%20kì%203/Solution/P0101/src/p0101/Manager.java</file>
        </group>
    </open-files>
</project-private>
