<?xml version="1.0" encoding="UTF-8"?>
<project-private xmlns="http://www.netbeans.org/ns/project-private/1">
    <editor-bookmarks xmlns="http://www.netbeans.org/ns/editor-bookmarks/1"/>
    <editor-bookmarks xmlns="http://www.netbeans.org/ns/editor-bookmarks/2" lastBookmarkId="0"/>
    <open-files xmlns="http://www.netbeans.org/ns/projectui-open-files/2">
        <group>
            <file>file:/F:/Day_Hoc/Day_PE_Java/On_PE_Java%20_Goc/On_PE_Java%20_Goc/D4_String/Final-Q3/Q31/Q31_Thong/src/DuluxePizza.java</file>
            <file>file:/F:/Day_Hoc/Day_PE_Java/On_PE_Java%20_Goc/On_PE_Java%20_Goc/D4_String/Final-Q3/Q31/Q31_Thong/src/Pizza.java</file>
        </group>
    </open-files>
</project-private>
